Profesión;nulo
Abogado;
Abogada;
Académico;
Académica;
Adjunto;
Adjunta;
Administrador;
Administradora;
Administrativo;
Administrativa;
Agrónomo;
Agrónoma;
Alergólogo;
Alergista;
Alergóloga;
Alergista;
Almacenero;
Almacenista;
Almacenera;
Almacenista;
Anatomista;
Anatomista;
Anestesiólogo;
Anestesista;
Anestesióloga;
Anestesista;
Antologista;
Antologista;
Antropólogo;
Antropóloga;
Arabista;
Arabista;
Archivero;
Archivera;
Arqueólogo;
Arqueóloga;
Arquitecto;
Arquitecta;
Asesor;
Asesora;
Asistente;
Asistenta;
Astrofísico;
Astrofísica;
Astrólogo;
Astróloga;
Astrónomo;
Astrónoma;
Atleta;
Atleta;
ATS;
ATS;
Autor;
Autora;
Auxiliar;
Auxiliar;
Avicultor;
Avicultora;
Bacteriólogo;
Bacterióloga;
Bedel;
Bedela;
Bibliógrafo;
Bibliógrafa;
Bibliotecario;
Bibliotecaria;
Biofísico;
Biofísica;
Biógrafo;
Biógrafa;
Biólogo;
Bióloga;
Bioquímico;
Bioquímica;
Botánico;
Botánica;
Cancerólogo;
Canceróloga;
Cardiólogo;
Cardióloga;
Cartógrafo;
Cartógrafa;
Castrador;
Castradora;
Catedrático;
Catedrática;
Cirujano;
Cirujana;
Citólogo;
Citóloga;
Climatólogo;
Climatóloga;
Codirector;
Codirectora;
Comadrón;
Comadrona;
Consejero;
Consejera;
Conserje;
Conserje;
Conservador;
Conservadora;
Coordinador;
Coordinadora;
Cosmógrafo;
Cosmógrafa;
Cosmólogo;
Cosmóloga;
Criminalista;
Criminalista;
Cronólogo;
Cronóloga;
Decano;
Decana;
Decorador;
Decoradora;
Defensor;
Defensora;
Delegado;
Delegada;
Delineante;
Delineante;
Demógrafo;
Demógrafa;
Dentista;
Dentista;
Dermatólogo;
Dermatóloga;
Dibujante;
Dibujante;
Directivo;
Directiva;
Director;
Directora;
Dirigente;
Dirigente;
Doctor;
Doctora;
Documentalista;
Documentalista;
Ecólogo;
Ecóloga;
Economista;
Economista;
Educador;
Educadora;
Egiptólogo;
Egiptóloga;
Endocrinólogo;
Endocrinóloga;
Enfermero;
Enfermera;
Enólogo;
Enóloga;
Entomólogo;
Entomóloga;
Epidemiólogo;
Epidemióloga;
Especialista;
Especialista;
Espeleólogo;
Espeleóloga;
Estadista;
Estadista;
Estadístico;
Estadística;
Etimólogo;
Etimologista;
Etimóloga;
Etimologista;
Etnógrafo;
Etnógrafa;
Etnólogo;
Etnóloga;
Etólogo;
Etóloga;
Examinador;
Examinadora;
Facultativo;
Facultativa;
Farmacéutico;
Farmacéutica;
Farmacólogo;
Farmacóloga;
Filólogo;
Filóloga;
Filósofo;
Filósofa;
Fiscal;
Fiscal;
Físico;
Física;
Fisiólogo;
Fisióloga;
Fisioterapeuta;
Fisioterapeuta;
Fonetista;
Fonetista;
Foníatra;
Foníatra;
Fonólogo;
Fonóloga;
Forense;
Forense;
Fotógrafo;
Fotógrafa;
Funcionario;
Funcionaria;
Gemólogo;
Gemóloga;
Genetista;
Genetista;
Geobotánica;
Geobotánica;
Geodesta;
Geodesta;
Geofísico;
Geofísica;
Geógrafo;
Geógrafa;
Geólogo;
Geóloga;
Geomántico;
Geomántica;
Geómetra;
Geómetra;
Geoquímica;
Geoquímica;
Gerente;
Gerenta/gerente;
Geriatra;
Geriatra;
Gerontólogo;
Gerontóloga;
Gestor;
Gestora;
Grabador;
Grabadora;
Graduado social;
Graduada social;
Grafólogo;
Grafóloga;
Gramático;
Gramática;
Hematólogo;
Hematóloga;
Hepatólogo;
Hepatóloga;
Hidrogeólogo;
Hidrogeóloga;
Hidrógrafo;
Hidrógrafa;
Hidrólogo;
Hidróloga;
Higienista;
Higienista;
Hispanista;
Hispanista;
Historiador;
Historiadora;
Homeópata;
Homeópata;
Informático;
Informática;
Ingeniero;
Ingeniera;
Ingeniero técnico;
Ingeniera técnica;
Inmunólogo;
Inmunóloga;
Inspector;
Inspectora;
Interino;
Interina;
Interventor;
Interventora;
Investigador;
Investigadora;
Jardinero;
Jardinera;
Jefe;
Jefa;
Juez;
Jueza;
Latinista;
Lector;
Lectora;
Letrado;
Letrada;
Lexicógrafo;
Lexicógrafa;
Lexicólogo;
Lexicóloga;
Licenciado;
Licenciada;
Lingüista;
Lingüista;
Logopeda;
Maestro;
Maestra;
Matemático;
Matemática;
Matrón;
Matrona;
Medico;
Medica;
Meteorólogo;
Meteoróloga;
Micólogo;
Micóloga;
Microbiológico;
Microbiológica;
Microcirujano;
Microcirujana;
Mimógrafo;
Mimógrafa;
Mineralogista;
Mineralogista;
Monitor;
Monitora;
Musicólogo;
Musicóloga;
Naturópata;
Naturópata;
Nefrólogo;
Nefróloga;
Neumólogo;
Neumóloga;
Neuroanatomista;
Neuroanatomista;
Neurobiólogo;
Neurobióloga;
Neurocirujano;
Neurocirujano;
Neuroembriólogo;
Neuroembrióloga;
Neurofisiólogo;
Neurofisióloga;
Neurólogo;
Neuróloga;
Nutrólogo;
Nutróloga;
Oceanógrafo;
Oceanógrafa;
Odontólogo;
Odontóloga;
Oficial;
Oficiala;
Oficinista;
Oficinista;
Oftalmólogo;
Oftalmóloga;
Oncólogo;
Oncóloga;
Óptico;
Óptica;
Optometrista;
Optomentrista;
Ordenanza;
Ordenanza;
Orientador;
Orientadora;
Ornitólogo;
Ornitóloga;
Ortopédico;
Ortopédica;
Ortopedista;
Ortopedista;
Osteólogo;
Osteóloga;
Osteópata;
Osteópata;
Otorrinolaringólogo;
Otorrinolaringóloga;
Paleobiólogo;
Paleobióloga;
Paleobotánico;
Paleobotánica;
Paleógrafo;
Paleógrafa;
Paleólogo;
Paleóloga;
Paleontólogo;
Paleontóloga;
Patólogo;
Patóloga;
Pedagogo;
Pedagoga;
Pediatra;
Pediatra;
Pedicuro;
Pedicura;
Periodista;
Periodista;
Perito;
Perita;
Ingeniero técnico;
Ingeniera técnica;
Piscicultor;
Piscicultora;
Podólogo;
Podóloga;
Portero;
Portera;
Prehistoriador;
Prehistoriadota;
Presidente;
Presidenta;
Proctólogo;
Proctóloga;
Profesor;
Profesora;
Programador;
Programadora;
Protésico;
Protésica;
Proveedor;
Proveedora;
Psicoanalista;
Psicoanalista;
Psicólogo;
Psicóloga;
Psicofísico;
Psicofísica;
Psicopedagogo;
Psicopedagoga;
Psicoterapeuta;
Psicoterapeuta;
Psiquiatra;
Psiquiatra;
Publicista;
Publicista;
Publicitario;
Publicitaria;
Puericultor;
Puericultora;
Químico;
Química;
Quiropráctico;
Quiropráctica;
Radioastrónomo;
Radioastrónoma;
Radiofonista;
Radiofonista;
Radiólogo;
Radióloga;
Radiotécnico;
Radiotécnica;
Radiotelefonista;
Radiotelefonista;
Radiotelegrafista;
Radiotelegrafista;
Radioterapeuta;
Radioterapeuta;
Rector;
Rectora;
Sanitario;
Sanitaria;
Secretario;
Secretaria;
Sexólogo;
Sexóloga;
Sismólogo;
Sismóloga;
Sociólogo;
Socióloga;
Subdelegado;
Subdelegada;
Subdirector;
Subdirectora;
Subsecretario;
Subsecretaria;
Técnico;
Técnica;
Telefonista;
Telefonista;
Teólogo;
Teóloga;
Terapeuta;
Terapeuta;
Tocoginecólogo;
Tocoginecóloga;
Tocólogo;
Tocóloga;
Toxicólogo;
Toxicóloga;
Traductor;
Traductora;
Transcriptor;
Transcriptora;
Traumatólogo;
Traumatóloga;
Tutor;
Tutora;
Urólogo;
Uróloga;
Veterinario;
Veterinaria;
Vicedecano;
Vicedecana;
Vicedirector;
Vicedirtectora;
Vicegerente;
Vicegerente;
Vicepresidente;
Vicepresidenta;
Vicerrector;
Vicerrectora;
Vicesecretario;
Vicesecretaria;
Virólogo;
Viróloga;
Viticultor;
Viticultora;
Vulcanólogo;
Vulcanóloga;
Xilógrafo;
Xilógrafa;
Zoólogo;
Zoóloga;
Zootécnico;
Zootécnica;
